{
  "0": {
    "x": 0.47234368324279785,
    "y": 0.22593341767787933
  },
  "11": {
    "x": 0.5217118263244629,
    "y": 0.31646421551704407
  },
  "12": {
    "x": 0.4230825901031494,
    "y": 0.30500486493110657
  },
  "13": {
    "x": 0.5329379439353943,
    "y": 0.42736852169036865
  },
  "14": {
    "x": 0.34940725564956665,
    "y": 0.3005962371826172
  },
  "19": {
    "x": 0.5154110193252563,
    "y": 0.5439217686653137
  },
  "20": {
    "x": 0.2565920650959015,
    "y": 0.27042946219444275
  },
  "23": {
    "x": 0.5303908586502075,
    "y": 0.509060800075531
  },
  "24": {
    "x": 0.4748144745826721,
    "y": 0.532660961151123
  },
  "25": {
    "x": 0.6198568940162659,
    "y": 0.5981205105781555
  },
  "26": {
    "x": 0.4875674843788147,
    "y": 0.7024024724960327
  },
  "27": {
    "x": 0.698532223701477,
    "y": 0.6967424750328064
  },
  "28": {
    "x": 0.49908939003944397,
    "y": 0.8410511016845703
  }
}