{
  "0": {
    "x": 0.5391169786453247,
    "y": 0.2698163688182831
  },
  "11": {
    "x": 0.5819754004478455,
    "y": 0.33576953411102295
  },
  "12": {
    "x": 0.4990310072898865,
    "y": 0.3338574171066284
  },
  "13": {
    "x": 0.6185303926467896,
    "y": 0.24566902220249176
  },
  "14": {
    "x": 0.45485663414001465,
    "y": 0.2574292719364166
  },
  "19": {
    "x": 0.5427402257919312,
    "y": 0.15045566856861115
  },
  "20": {
    "x": 0.5191388726234436,
    "y": 0.15783335268497467
  },
  "23": {
    "x": 0.5658576488494873,
    "y": 0.5697999596595764
  },
  "24": {
    "x": 0.5168564319610596,
    "y": 0.5681076645851135
  },
  "25": {
    "x": 0.5668562054634094,
    "y": 0.7219410538673401
  },
  "26": {
    "x": 0.5159183740615845,
    "y": 0.7280808091163635
  },
  "27": {
    "x": 0.5530166029930115,
    "y": 0.8593178987503052
  },
  "28": {
    "x": 0.5297175645828247,
    "y": 0.8642039895057678
  }
}
