{
  "0": {
    "x": 0.5100626349449158,
    "y": 0.3779217600822449
  },
  "11": {
    "x": 0.5615653395652771,
    "y": 0.46351662278175354
  },
  "12": {
    "x": 0.45114296674728394,
    "y": 0.4600869417190552
  },
  "13": {
    "x": 0.6243463754653931,
    "y": 0.5242737531661987
  },
  "14": {
    "x": 0.3841595947742462,
    "y": 0.5279058814048767
  },
  "19": {
    "x": 0.6459673643112183,
    "y": 0.44188612699508667
  },
  "20": {
    "x": 0.37455233931541443,
    "y": 0.4384863078594208
  },
  "23": {
    "x": 0.526347279548645,
    "y": 0.6400594711303711
  },
  "24": {
    "x": 0.4583547115325928,
    "y": 0.637653112411499
  },
  "25": {
    "x": 0.6042477488517761,
    "y": 0.7286254167556763
  },
  "26": {
    "x": 0.3895348906517029,
    "y": 0.7389234900474548
  },
  "27": {
    "x": 0.5858507752418518,
    "y": 0.8480053544044495
  },
  "28": {
    "x": 0.3918101191520691,
    "y": 0.8649845123291016
  }
}
