{
  "0": {
    "x": 0.4922045171260834,
    "y": 0.2643796503543854
  },
  "11": {
    "x": 0.5401927828788757,
    "y": 0.3377911448478699
  },
  "12": {
    "x": 0.44478732347488403,
    "y": 0.34291571378707886
  },
  "13": {
    "x": 0.6047335267066956,
    "y": 0.2746952772140503
  },
  "14": {
    "x": 0.3690529763698578,
    "y": 0.2846446931362152
  },
  "19": {
    "x": 0.6626235246658325,
    "y": 0.16379143297672272
  },
  "20": {
    "x": 0.30262574553489685,
    "y": 0.18504725396633148
  },
  "23": {
    "x": 0.521041214466095,
    "y": 0.5759748816490173
  },
  "24": {
    "x": 0.4681026041507721,
    "y": 0.5776776671409607
  },
  "25": {
    "x": 0.5220991373062134,
    "y": 0.7377575635910034
  },
  "26": {
    "x": 0.4729335904121399,
    "y": 0.7308751344680786
  },
  "27": {
    "x": 0.5099771618843079,
    "y": 0.8796164989471436
  },
  "28": {
    "x": 0.4774928689002991,
    "y": 0.8576276302337646
  }
}