{"0": {"x": 0.4875, "y": 0.23541666666666666}, "11": {"x": 0.4578125, "y": 0.33958333333333335}, "12": {"x": 0.553125, "y": 0.2833333333333333}, "13": {"x": 0.4125, "y": 0.43333333333333335}, "14": {"x": 0.625, "y": 0.24583333333333332}, "19": {"x": 0.34375, "y": 0.5270833333333333}, "20": {"x": 0.71875, "y": 0.17083333333333334}, "23": {"x": 0.4953125, "y": 0.53125}, "24": {"x": 0.5453125, "y": 0.5270833333333333}, "25": {"x": 0.4828125, "y": 0.6979166666666666}, "26": {"x": 0.5359375, "y": 0.69375}, "27": {"x": 0.4859375, "y": 0.8395833333333333}, "28": {"x": 0.5140625, "y": 0.8270833333333333}}