{
  "0": {
    "x": 0.5132384896278381,
    "y": 0.23691172897815704
  },
  "11": {
    "x": 0.5428529381752014,
    "y": 0.3408670723438263
  },
  "12": {
    "x": 0.4471127390861511,
    "y": 0.2843659520149231
  },
  "13": {
    "x": 0.5885310173034668,
    "y": 0.4341200888156891
  },
  "14": {
    "x": 0.3765227198600769,
    "y": 0.24588923156261444
  },
  "19": {
    "x": 0.6568946242332458,
    "y": 0.5278647541999817
  },
  "20": {
    "x": 0.28157931566238403,
    "y": 0.17259597778320312
  },
  "23": {
    "x": 0.5055513381958008,
    "y": 0.5319689512252808
  },
  "24": {
    "x": 0.45558494329452515,
    "y": 0.5276510119438171
  },
  "25": {
    "x": 0.51778644323349,
    "y": 0.6979909539222717
  },
  "26": {
    "x": 0.46410924196243286,
    "y": 0.6950600147247314
  },
  "27": {
    "x": 0.5149816274642944,
    "y": 0.839674174785614
  },
  "28": {
    "x": 0.4865855574607849,
    "y": 0.8280603289604187
  }
}