{
  "0": {
    "x": 0.5067569017410278,
    "y": 0.49184316396713257
  },
  "11": {
    "x": 0.824993908405304,
    "y": 0.7883975505828857
  },
  "12": {
    "x": 0.21392972767353058,
    "y": 0.8519138693809509
  },
  "13": {
    "x": 0.9715587496757507,
    "y": 1.2645645141601562
  },
  "14": {
    "x": 0.14300736784934998,
    "y": 1.3498324155807495
  },
  "19": {
    "x": 0.9613960385322571,
    "y": 1.9025291204452515
  },
  "20": {
    "x": 0.11336544901132584,
    "y": 1.9365464448928833
  },
  "23": {
    "x": 0.7616203427314758,
    "y": 1.8044883012771606
  },
  "24": {
    "x": 0.38301342725753784,
    "y": 1.8421682119369507
  },
  "25": {
    "x": 0.7864431142807007,
    "y": 2.604753255844116
  },
  "26": {
    "x": 0.4224189817905426,
    "y": 2.6124768257141113
  },
  "27": {
    "x": 0.8137696981430054,
    "y": 3.312352418899536
  },
  "28": {
    "x": 0.465029239654541,
    "y": 3.306403160095215
  }
}
