{
  "0": {
    "x": 0.4978533685207367,
    "y": 0.1780904084444046
  },
  "11": {
    "x": 0.5527551174163818,
    "y": 0.274025022983551
  },
  "12": {
    "x": 0.44769391417503357,
    "y": 0.2836560308933258
  },
  "13": {
    "x": 0.5641015768051147,
    "y": 0.4048837721347809
  },
  "14": {
    "x": 0.43678855895996094,
    "y": 0.40659093856811523
  },
  "19": {
    "x": 0.5653560757637024,
    "y": 0.543016254901886
  },
  "20": {
    "x": 0.45099300146102905,
    "y": 0.5404391884803772
  },
  "23": {
    "x": 0.5324088931083679,
    "y": 0.5117628574371338
  },
  "24": {
    "x": 0.47275519371032715,
    "y": 0.5115668773651123
  },
  "25": {
    "x": 0.5366230010986328,
    "y": 0.6838420629501343
  },
  "26": {
    "x": 0.474499374628067,
    "y": 0.679997444152832
  },
  "27": {
    "x": 0.519477903842926,
    "y": 0.8389708399772644
  },
  "28": {
    "x": 0.4859350621700287,
    "y": 0.8360550403594971
  }
}
