{
    "0": {"x": 318.6261558532715, "y": 85.48339605331421}, 
    "11": {"x": 353.7632751464844, "y": 131.5320110321045}, 
    "12": {"x": 286.5241050720215, "y": 136.1548948287964}, 
    "13": {"x": 361.02500915527344, "y": 194.34421062469482}, 
    "14": {"x": 279.544677734375, "y": 195.1636505126953}, 
    "19": {"x": 361.82788848876953, "y": 260.6478023529053}, 
    "20": {"x": 288.6355209350586, "y": 259.41081047058105}, 
    "23": {"x": 340.74169158935547, "y": 245.64617156982422}, 
    "24": {"x": 302.5633239746094, "y": 245.5521011352539}, 
    "25": {"x": 343.438720703125, "y": 328.24419021606445}, 
    "26": {"x": 303.6795997619629, "y": 326.3987731933594}, 
    "27": {"x": 332.46585845947266, "y": 402.7060031890869}, 
    "28": {"x": 310.99843978881836, "y": 401.3064193725586}
}