{
  "0": {
    "x": 0.5135248303413391,
    "y": 0.26955553889274597
  },
  "11": {
    "x": 0.5624174475669861,
    "y": 0.3576969802379608
  },
  "12": {
    "x": 0.46778178215026855,
    "y": 0.3632897436618805
  },
  "13": {
    "x": 0.5765776038169861,
    "y": 0.46158677339553833
  },
  "14": {
    "x": 0.4598831236362457,
    "y": 0.4694908559322357
  },
  "19": {
    "x": 0.5772455334663391,
    "y": 0.583412766456604
  },
  "20": {
    "x": 0.46725374460220337,
    "y": 0.5890350341796875
  },
  "23": {
    "x": 0.5437897443771362,
    "y": 0.5705154538154602
  },
  "24": {
    "x": 0.4910212457180023,
    "y": 0.5703553557395935
  },
  "25": {
    "x": 0.5450974106788635,
    "y": 0.7160958647727966
  },
  "26": {
    "x": 0.4965711236000061,
    "y": 0.7219704389572144
  },
  "27": {
    "x": 0.533554196357727,
    "y": 0.8486690521240234
  },
  "28": {
    "x": 0.5112707614898682,
    "y": 0.8505904078483582
  }
}
