{
  "0": {
    "x": 0.49247628450393677,
    "y": 0.2890404462814331
  },
  "11": {
    "x": 0.5415297746658325,
    "y": 0.34634584188461304
  },
  "12": {
    "x": 0.4430393576622009,
    "y": 0.3478681743144989
  },
  "13": {
    "x": 0.5773262977600098,
    "y": 0.2594873607158661
  },
  "14": {
    "x": 0.3941442668437958,
    "y": 0.2584749758243561
  },
  "19": {
    "x": 0.5021165013313293,
    "y": 0.15028508007526398
  },
  "20": {
    "x": 0.4793422222137451,
    "y": 0.14573369920253754
  },
  "23": {
    "x": 0.5185660123825073,
    "y": 0.5965883135795593
  },
  "24": {
    "x": 0.4662298560142517,
    "y": 0.5992658734321594
  },
  "25": {
    "x": 0.514039933681488,
    "y": 0.7654406428337097
  },
  "26": {
    "x": 0.4683871269226074,
    "y": 0.7617084383964539
  },
  "27": {
    "x": 0.5069119930267334,
    "y": 0.9130550026893616
  },
  "28": {
    "x": 0.47634992003440857,
    "y": 0.9128851294517517
  }
}