{
  "0": {
    "x": 0.5251696109771729,
    "y": 0.2545999586582184
  },
  "11": {
    "x": 0.5856727361679077,
    "y": 0.3498239517211914
  },
  "12": {
    "x": 0.4821404814720154,
    "y": 0.34071022272109985
  },
  "13": {
    "x": 0.6568676829338074,
    "y": 0.402107834815979
  },
  "14": {
    "x": 0.4193045198917389,
    "y": 0.374856561422348
  },
  "19": {
    "x": 0.6560291647911072,
    "y": 0.29286110401153564
  },
  "20": {
    "x": 0.3796774744987488,
    "y": 0.27585238218307495
  },
  "23": {
    "x": 0.5293054580688477,
    "y": 0.5782399773597717
  },
  "24": {
    "x": 0.4781479835510254,
    "y": 0.5500263571739197
  },
  "25": {
    "x": 0.5134177803993225,
    "y": 0.7355913519859314
  },
  "26": {
    "x": 0.3774111866950989,
    "y": 0.5776713490486145
  },
  "27": {
    "x": 0.5128997564315796,
    "y": 0.8726866245269775
  },
  "28": {
    "x": 0.366232693195343,
    "y": 0.7167314887046814
  }
}
