{
  "0": {
    "x": 0.494594007730484,
    "y": 0.26875394582748413
  },
  "11": {
    "x": 0.5498605966567993,
    "y": 0.3443290889263153
  },
  "12": {
    "x": 0.434272825717926,
    "y": 0.3440137505531311
  },
  "13": {
    "x": 0.6294188499450684,
    "y": 0.3505825102329254
  },
  "14": {
    "x": 0.34919899702072144,
    "y": 0.34468382596969604
  },
  "19": {
    "x": 0.7314992547035217,
    "y": 0.3106127083301544
  },
  "20": {
    "x": 0.24787625670433044,
    "y": 0.3266538977622986
  },
  "23": {
    "x": 0.5268274545669556,
    "y": 0.5904938578605652
  },
  "24": {
    "x": 0.45847901701927185,
    "y": 0.5937960743904114
  },
  "25": {
    "x": 0.5644949078559875,
    "y": 0.7323529720306396
  },
  "26": {
    "x": 0.4143550992012024,
    "y": 0.7476358413696289
  },
  "27": {
    "x": 0.5975897312164307,
    "y": 0.8608623147010803
  },
  "28": {
    "x": 0.3810496926307678,
    "y": 0.8820499181747437
  }
}
