{
  "0": { "x": 316.8271255493164, "y": 86.49829387664795 },
  "11": { "x": 355.7331085205078, "y": 131.14824771881104 },
  "12": { "x": 281.84356689453125, "y": 130.67623615264893 },
  "13": { "x": 405.0346374511719, "y": 135.97686767578125 },
  "14": { "x": 231.7415428161621, "y": 137.19058513641357 },
  "19": { "x": 481.36585235595703, "y": 132.10468769073486 },
  "20": { "x": 166.85640335083008, "y": 132.33266830444336 },
  "23": { "x": 341.2917709350586, "y": 248.61019134521484 },
  "24": { "x": 301.19070053100586, "y": 248.59148025512695 },
  "25": { "x": 342.7193069458008, "y": 333.2212829589844 },
  "26": { "x": 304.32165145874023, "y": 335.2668857574463 },
  "27": { "x": 333.75030517578125, "y": 407.0888900756836 },
  "28": { "x": 315.29687881469727, "y": 408.1238651275635 }
}
