{
  "0": {
    "x": 0.5252825021743774,
    "y": 0.2695743441581726
  },
  "11": {
    "x": 0.580836296081543,
    "y": 0.3573404550552368
  },
  "12": {
    "x": 0.47680044174194336,
    "y": 0.360603004693985
  },
  "13": {
    "x": 0.6414430141448975,
    "y": 0.38662922382354736
  },
  "14": {
    "x": 0.40693503618240356,
    "y": 0.38534799218177795
  },
  "19": {
    "x": 0.7403895258903503,
    "y": 0.3658192753791809
  },
  "20": {
    "x": 0.30287599563598633,
    "y": 0.3944146931171417
  },
  "23": {
    "x": 0.5608476400375366,
    "y": 0.5758990049362183
  },
  "24": {
    "x": 0.505703866481781,
    "y": 0.5749849081039429
  },
  "25": {
    "x": 0.5517057180404663,
    "y": 0.7292115092277527
  },
  "26": {
    "x": 0.5082799196243286,
    "y": 0.728225827217102
  },
  "27": {
    "x": 0.5427991151809692,
    "y": 0.8518686890602112
  },
  "28": {
    "x": 0.5209177732467651,
    "y": 0.8539799451828003
  }
}
