{
  "0": {
    "x": 0.4950423836708069,
    "y": 0.18020477890968323
  },
  "11": {
    "x": 0.5558329820632935,
    "y": 0.2732255160808563
  },
  "12": {
    "x": 0.4403805732727051,
    "y": 0.27224215865135193
  },
  "13": {
    "x": 0.632866621017456,
    "y": 0.28328514099121094
  },
  "14": {
    "x": 0.3620961606502533,
    "y": 0.28581371903419495
  },
  "19": {
    "x": 0.7521341443061829,
    "y": 0.27521809935569763
  },
  "20": {
    "x": 0.260713130235672,
    "y": 0.27569305896759033
  },
  "23": {
    "x": 0.533268392086029,
    "y": 0.5179378986358643
  },
  "24": {
    "x": 0.47061046957969666,
    "y": 0.5178989171981812
  },
  "25": {
    "x": 0.5354989171028137,
    "y": 0.6942110061645508
  },
  "26": {
    "x": 0.4755025804042816,
    "y": 0.6984726786613464
  },
  "27": {
    "x": 0.5214848518371582,
    "y": 0.8481018543243408
  },
  "28": {
    "x": 0.4926513731479645,
    "y": 0.8502580523490906
  }
}
