{
  "0": {
    "x": 0.49313169717788696,
    "y": 0.21162301301956177
  },
  "11": {
    "x": 0.5540034174919128,
    "y": 0.3052227199077606
  },
  "12": {
    "x": 0.4364036023616791,
    "y": 0.30725279450416565
  },
  "13": {
    "x": 0.6355918049812317,
    "y": 0.3357292413711548
  },
  "14": {
    "x": 0.3594962954521179,
    "y": 0.3408896028995514
  },
  "19": {
    "x": 0.6332255005836487,
    "y": 0.21267946064472198
  },
  "20": {
    "x": 0.35831716656684875,
    "y": 0.2167469561100006
  },
  "23": {
    "x": 0.529022216796875,
    "y": 0.5474855303764343
  },
  "24": {
    "x": 0.46718019247055054,
    "y": 0.548048198223114
  },
  "25": {
    "x": 0.5242596864700317,
    "y": 0.7090728282928467
  },
  "26": {
    "x": 0.4728458523750305,
    "y": 0.713569700717926
  },
  "27": {
    "x": 0.513741135597229,
    "y": 0.8530482649803162
  },
  "28": {
    "x": 0.48672500252723694,
    "y": 0.855525553226471
  }
}
