{
  "0": {
    "x": 0.5161558389663696,
    "y": 0.17393198609352112
  },
  "11": {
    "x": 0.5720155835151672,
    "y": 0.25953933596611023
  },
  "12": {
    "x": 0.4570006728172302,
    "y": 0.2569744288921356
  },
  "13": {
    "x": 0.6513166427612305,
    "y": 0.2792634665966034
  },
  "14": {
    "x": 0.38464516401290894,
    "y": 0.27014005184173584
  },
  "19": {
    "x": 0.7653181552886963,
    "y": 0.27051204442977905
  },
  "20": {
    "x": 0.2826993763446808,
    "y": 0.25266990065574646
  },
  "23": {
    "x": 0.5497498512268066,
    "y": 0.5076785683631897
  },
  "24": {
    "x": 0.48621687293052673,
    "y": 0.5084089040756226
  },
  "25": {
    "x": 0.5473231077194214,
    "y": 0.6598929762840271
  },
  "26": {
    "x": 0.48817142844200134,
    "y": 0.6693616509437561
  },
  "27": {
    "x": 0.5406153798103333,
    "y": 0.8110722303390503
  },
  "28": {
    "x": 0.4988248944282532,
    "y": 0.8147619366645813
  }
}
